,name,github_id,labels,category,github_url,homepage,license,created_at,updated_at,last_commit_pushed_at,fork_count,open_issue_count,closed_issue_count,star_count,latest_stable_release_published_at,latest_stable_release_number,release_count,description,contributor_count,projectrank,show,projectrank_placing,trending
0,best-of-ml-python,ml-tooling/best-of-ml-python,['python'],data-engineering,https://github.com/ml-tooling/best-of-ml-python,https://github.com/ml-tooling/best-of-ml-python,CC-BY-SA-4.0,2020-11-29 19:41:36,2021-01-21 18:23:44,2021-01-21 18:23:42,394,3.0,8.0,3404,2021-01-21 18:23:55,2021.01.21,12,A ranked list of awesome machine learning Python libraries. Updated weekly.,13,14,True,1,
1,best-of-python,ml-tooling/best-of-python,['python'],programming-languages,https://github.com/ml-tooling/best-of-python,https://github.com/ml-tooling/best-of-python,CC-BY-SA-4.0,2021-01-11 19:11:32,2021-01-21 18:21:57,2021-01-21 18:21:54,76,1.0,1.0,1253,2021-01-21 18:22:21,2021.01.21,4,A ranked list of awesome Python open-source libraries and tools. Updated weekly.,4,13,True,1,1.0
2,best-of-web-python,ml-tooling/best-of-web-python,['python'],web-dev,https://github.com/ml-tooling/best-of-web-python,https://github.com/ml-tooling/best-of-web-python,CC-BY-SA-4.0,2021-01-05 13:09:27,2021-01-21 18:24:25,2021-01-21 18:24:23,43,,,825,2021-01-21 18:24:48,2021.01.21,5,A ranked list of awesome python libraries for web development. Updated weekly.,4,12,True,1,2.0
3,best-of-jupyter,ml-tooling/best-of-jupyter,['python'],data-engineering,https://github.com/ml-tooling/best-of-jupyter,https://github.com/ml-tooling/best-of-jupyter,CC-BY-SA-4.0,2021-01-01 22:25:48,2021-01-21 15:19:39,2021-01-21 15:19:37,9,,,87,2021-01-21 15:19:46,2021.01.21,7,"A ranked list of awesome Jupyter Notebook, Hub and Lab projects (extensions, kernels, tools). Updated weekly.",4,10,True,3,
4,best-of-python-dev,ml-tooling/best-of-python-dev,['python'],dev-tools,https://github.com/ml-tooling/best-of-python-dev,https://github.com/ml-tooling/best-of-python-dev,CC-BY-SA-4.0,2021-01-08 14:46:24,2021-01-21 15:08:38,2021-01-19 20:31:01,5,,4.0,144,2021-01-19 20:30:18,2021.01.19,3,A ranked list of awesome python developer tools and libraries. Updated weekly.,1,9,True,1,1.0
5,best-of-streamlit,jrieke/best-of-streamlit,['python'],data-engineering,https://github.com/jrieke/best-of-streamlit,https://github.com/jrieke/best-of-streamlit,CC-BY-SA-4.0,2021-01-09 00:40:46,2021-01-21 18:54:09,2021-01-20 03:13:26,2,,,31,2021-01-19 01:46:56,2021.01.19,2,A ranked gallery of awesome streamlit apps built by the community.,1,8,True,3,1.0
