,name,github_id,labels,category,github_url,homepage,license,created_at,updated_at,last_commit_pushed_at,fork_count,open_issue_count,closed_issue_count,star_count,latest_stable_release_published_at,latest_stable_release_number,release_count,description,contributor_count,projectrank,show,projectrank_placing,trending,new_addition
0,best-of-ml-python,ml-tooling/best-of-ml-python,['python'],data-engineering,https://github.com/ml-tooling/best-of-ml-python,https://github.com/ml-tooling/best-of-ml-python,CC-BY-SA-4.0,2020-11-29 19:41:36,2021-02-18 16:39:53,2021-02-18 16:39:52,512.0,3.0,10.0,4150.0,2021-02-18 16:40:16,2021.02.18,15.0,A ranked list of awesome machine learning Python libraries. Updated weekly.,17.0,14,True,1,,
1,best-of-python,ml-tooling/best-of-python,['python'],programming-languages,https://github.com/ml-tooling/best-of-python,https://github.com/ml-tooling/best-of-python,CC-BY-SA-4.0,2021-01-11 19:11:32,2021-02-18 16:33:15,2021-02-18 16:33:13,89.0,,2.0,1419.0,2021-02-18 16:33:20,2021.02.18,7.0,A ranked list of awesome Python open-source libraries and tools. Updated weekly.,5.0,13,True,1,,
2,best-of-web-python,ml-tooling/best-of-web-python,['python'],web-dev,https://github.com/ml-tooling/best-of-web-python,https://github.com/ml-tooling/best-of-web-python,CC-BY-SA-4.0,2021-01-05 13:09:27,2021-02-18 16:33:47,2021-02-18 16:33:46,59.0,,2.0,1028.0,2021-02-18 16:33:55,2021.02.18,8.0,A ranked list of awesome python libraries for web development. Updated weekly.,6.0,12,True,1,,
3,best-of-jupyter,ml-tooling/best-of-jupyter,['python'],data-engineering,https://github.com/ml-tooling/best-of-jupyter,https://github.com/ml-tooling/best-of-jupyter,CC-BY-SA-4.0,2021-01-01 22:25:48,2021-02-18 14:33:56,2021-02-18 14:33:55,18.0,,,170.0,2021-02-18 14:34:19,2021.02.18,11.0,"A ranked list of awesome Jupyter Notebook, Hub and Lab projects (extensions, kernels, tools). Updated weekly.",4.0,11,True,2,1.0,
4,best-of-python-dev,ml-tooling/best-of-python-dev,['python'],dev-tools,https://github.com/ml-tooling/best-of-python-dev,https://github.com/ml-tooling/best-of-python-dev,CC-BY-SA-4.0,2021-01-08 14:46:24,2021-02-18 16:32:05,2021-02-18 16:32:04,7.0,,5.0,191.0,2021-02-18 16:32:19,2021.02.18,6.0,A ranked list of awesome python developer tools and libraries. Updated weekly.,1.0,10,True,1,,
5,best-of-streamlit,jrieke/best-of-streamlit,['python'],data-engineering,https://github.com/jrieke/best-of-streamlit,https://github.com/jrieke/best-of-streamlit,CC-BY-SA-4.0,2021-01-09 00:40:46,2021-02-16 23:26:05,2021-02-16 23:26:02,10.0,,3.0,101.0,2021-02-16 23:26:47,2021.02.15,6.0,A ranked gallery of awesome streamlit apps built by the community.,2.0,9,True,3,,
6,best-of-ml-julia,e-tony/best-of-ml-julia,,data-engineering,https://github.com/e-tony/best-of-ml-julia,https://github.com/e-tony/best-of-ml-julia,CC-BY-SA-4.0,2021-02-09 10:50:31,2021-02-15 13:09:28,2021-02-15 13:09:28,,,,,,,,A ranked list of awesome machine learning Julia libraries. Updated weekly.,,5,True,3,,True
7,best-of-ml-rust,e-tony/best-of-ml-rust,,data-engineering,https://github.com/e-tony/best-of-ml-rust,https://github.com/e-tony/best-of-ml-rust,CC-BY-SA-4.0,2021-02-09 10:37:33,2021-02-15 12:34:44,2021-02-15 12:34:43,,,,,,,,A ranked list of awesome machine learning Rust libraries. Updated weekly.,,5,True,3,,True
