,name,github_id,labels,category,github_url,homepage,license,created_at,updated_at,last_commit_pushed_at,fork_count,open_issue_count,closed_issue_count,star_count,latest_stable_release_published_at,latest_stable_release_number,release_count,description,contributor_count,projectrank,show,projectrank_placing,trending
0,best-of-ml-python,ml-tooling/best-of-ml-python,['python'],data-engineering,https://github.com/ml-tooling/best-of-ml-python,https://github.com/ml-tooling/best-of-ml-python,CC-BY-SA-4.0,2020-11-29 19:41:36,2021-01-17 15:17:17,2021-01-17 15:16:15,150,1.0,5.0,1232,2021-01-13 00:28:13,2021.01.12,10,A ranked list of awesome machine learning Python libraries. Updated weekly.,10,14,True,1,3.0
1,best-of-python,ml-tooling/best-of-python,['python'],programming-languages,https://github.com/ml-tooling/best-of-python,https://github.com/ml-tooling/best-of-python,CC-BY-SA-4.0,2021-01-11 19:11:32,2021-01-16 22:56:36,2021-01-16 22:56:34,42,,1.0,716,2021-01-16 22:56:14,2021.01.16,3,A ranked list of awesome Python open-source libraries and tools. Updated weekly.,4,12,True,1,4.0
2,best-of-web-python,ml-tooling/best-of-web-python,['python'],web-dev,https://github.com/ml-tooling/best-of-web-python,https://github.com/ml-tooling/best-of-web-python,CC-BY-SA-4.0,2021-01-05 13:09:27,2021-01-17 11:08:59,2021-01-17 11:08:57,16,1.0,,402,2021-01-17 11:09:06,2021.01.16,4,A ranked list of awesome python libraries for web development. Updated weekly.,2,10,True,1,1.0
3,best-of-jupyter,ml-tooling/best-of-jupyter,['python'],data-engineering,https://github.com/ml-tooling/best-of-jupyter,https://github.com/ml-tooling/best-of-jupyter,CC-BY-SA-4.0,2021-01-01 22:25:48,2021-01-16 22:54:51,2021-01-16 22:54:49,6,,,69,2021-01-16 22:55:27,2021.01.16,6,"A ranked list of awesome Jupyter Notebook, Hub and Lab projects (extensions, kernels, tools). Updated weekly.",3,10,True,3,3.0
4,best-of-python-dev,ml-tooling/best-of-python-dev,['python'],dev-tools,https://github.com/ml-tooling/best-of-python-dev,https://github.com/ml-tooling/best-of-python-dev,CC-BY-SA-4.0,2021-01-08 14:46:24,2021-01-16 22:58:47,2021-01-16 21:27:08,2,,1.0,107,2021-01-12 23:59:40,2021.01.12,2,A ranked list of awesome python developer tools and libraries. Updated weekly.,1,8,True,1,
5,best-of-streamlit,jrieke/best-of-streamlit,['python'],data-engineering,https://github.com/jrieke/best-of-streamlit,https://github.com/jrieke/best-of-streamlit,CC-BY-SA-4.0,2021-01-09 00:40:46,2021-01-16 21:59:34,2021-01-16 21:59:28,1,,,26,2021-01-09 00:47:45,2021.01.09,1,A ranked gallery of awesome streamlit apps built by the community.,1,7,True,3,
