,name,github_id,labels,category,github_url,homepage,license,created_at,updated_at,last_commit_pushed_at,fork_count,open_issue_count,closed_issue_count,star_count,latest_stable_release_published_at,latest_stable_release_number,release_count,description,contributor_count,projectrank,show,projectrank_placing,trending
0,best-of-ml-python,ml-tooling/best-of-ml-python,['python'],data-engineering,https://github.com/ml-tooling/best-of-ml-python,https://github.com/ml-tooling/best-of-ml-python,CC-BY-SA-4.0,2020-11-29 19:41:36,2021-02-04 15:38:52,2021-01-28 16:43:54,493,1.0,10.0,4032,2021-01-28 16:44:20,2021.01.28,13,A ranked list of awesome machine learning Python libraries. Updated weekly.,15,14,True,1,
1,best-of-python,ml-tooling/best-of-python,['python'],programming-languages,https://github.com/ml-tooling/best-of-python,https://github.com/ml-tooling/best-of-python,CC-BY-SA-4.0,2021-01-11 19:11:32,2021-02-04 14:58:32,2021-02-02 11:03:34,85,,2.0,1370,2021-01-28 16:46:50,2021.01.28,5,A ranked list of awesome Python open-source libraries and tools. Updated weekly.,4,13,True,1,
2,best-of-web-python,ml-tooling/best-of-web-python,['python'],web-dev,https://github.com/ml-tooling/best-of-web-python,https://github.com/ml-tooling/best-of-web-python,CC-BY-SA-4.0,2021-01-05 13:09:27,2021-02-04 15:27:15,2021-01-28 16:44:42,58,,2.0,989,2021-01-28 16:45:07,2021.01.28,6,A ranked list of awesome python libraries for web development. Updated weekly.,6,12,True,1,
3,best-of-python-dev,ml-tooling/best-of-python-dev,['python'],dev-tools,https://github.com/ml-tooling/best-of-python-dev,https://github.com/ml-tooling/best-of-python-dev,CC-BY-SA-4.0,2021-01-08 14:46:24,2021-02-04 15:01:41,2021-01-28 16:45:44,6,,5.0,179,2021-01-28 16:46:02,2021.01.28,5,A ranked list of awesome python developer tools and libraries. Updated weekly.,1,10,True,1,
4,best-of-jupyter,ml-tooling/best-of-jupyter,['python'],data-engineering,https://github.com/ml-tooling/best-of-jupyter,https://github.com/ml-tooling/best-of-jupyter,CC-BY-SA-4.0,2021-01-01 22:25:48,2021-02-04 14:46:32,2021-01-28 16:47:31,10,,,99,2021-01-28 16:47:42,2021.01.28,8,"A ranked list of awesome Jupyter Notebook, Hub and Lab projects (extensions, kernels, tools). Updated weekly.",4,10,True,3,
5,best-of-streamlit,jrieke/best-of-streamlit,['python'],data-engineering,https://github.com/jrieke/best-of-streamlit,https://github.com/jrieke/best-of-streamlit,CC-BY-SA-4.0,2021-01-09 00:40:46,2021-02-03 13:28:47,2021-02-03 13:28:46,7,,3.0,76,2021-02-01 17:20:32,2021.02.01,4,A ranked gallery of awesome streamlit apps built by the community.,2,9,True,3,1.0
