,name,github_id,labels,category,github_url,homepage,license,created_at,updated_at,last_commit_pushed_at,fork_count,open_issue_count,closed_issue_count,star_count,latest_stable_release_published_at,latest_stable_release_number,release_count,description,contributor_count,projectrank,show,projectrank_placing,trending
0,best-of-ml-python,ml-tooling/best-of-ml-python,['python'],data-engineering,https://github.com/ml-tooling/best-of-ml-python,https://github.com/ml-tooling/best-of-ml-python,CC-BY-SA-4.0,2020-11-29 19:41:36,2021-01-28 16:43:56,2021-01-28 16:43:54,467,1.0,10.0,3855,2021-01-28 16:44:20,2021.01.28,13,A ranked list of awesome machine learning Python libraries. Updated weekly.,16,14,True,1,
1,best-of-python,ml-tooling/best-of-python,['python'],programming-languages,https://github.com/ml-tooling/best-of-python,https://github.com/ml-tooling/best-of-python,CC-BY-SA-4.0,2021-01-11 19:11:32,2021-01-28 16:46:43,2021-01-28 16:46:41,83,1.0,2.0,1336,2021-01-28 16:46:50,2021.01.28,5,A ranked list of awesome Python open-source libraries and tools. Updated weekly.,4,13,True,1,
2,best-of-web-python,ml-tooling/best-of-web-python,['python'],web-dev,https://github.com/ml-tooling/best-of-web-python,https://github.com/ml-tooling/best-of-web-python,CC-BY-SA-4.0,2021-01-05 13:09:27,2021-01-28 16:44:45,2021-01-28 16:44:42,57,,2.0,968,2021-01-28 16:45:07,2021.01.28,6,A ranked list of awesome python libraries for web development. Updated weekly.,6,12,True,1,
3,best-of-python-dev,ml-tooling/best-of-python-dev,['python'],dev-tools,https://github.com/ml-tooling/best-of-python-dev,https://github.com/ml-tooling/best-of-python-dev,CC-BY-SA-4.0,2021-01-08 14:46:24,2021-01-28 16:45:46,2021-01-28 16:45:44,6,,5.0,165,2021-01-28 16:46:02,2021.01.28,5,A ranked list of awesome python developer tools and libraries. Updated weekly.,1,10,True,1,1.0
4,best-of-jupyter,ml-tooling/best-of-jupyter,['python'],data-engineering,https://github.com/ml-tooling/best-of-jupyter,https://github.com/ml-tooling/best-of-jupyter,CC-BY-SA-4.0,2021-01-01 22:25:48,2021-01-28 16:47:33,2021-01-28 16:47:31,9,,,95,2021-01-28 16:47:42,2021.01.28,8,"A ranked list of awesome Jupyter Notebook, Hub and Lab projects (extensions, kernels, tools). Updated weekly.",4,10,True,3,
5,best-of-streamlit,jrieke/best-of-streamlit,['python'],data-engineering,https://github.com/jrieke/best-of-streamlit,https://github.com/jrieke/best-of-streamlit,CC-BY-SA-4.0,2021-01-09 00:40:46,2021-01-28 18:28:27,2021-01-27 22:50:16,2,,,36,2021-01-27 22:52:46,2021.01.27-22.47,3,A ranked gallery of awesome streamlit apps built by the community.,1,8,True,3,
